Model,C-index,IBS,Mean AUC
RSF,0.7253580454928391,0.18634921433113236,0.7230271628568229
GBS,0.776748104465038,0.1900685109347634,0.7734296529010446
