Model,C-index,IBS,Mean AUC
RSF,0.7333894028595458,0.19151935098686002,0.705834410795129
GBS,0.6602186711522288,0.20357105237395456,0.631937386446822
