Model,C-index,IBS,Mean AUC
RSF,0.7843302443133952,0.17596579142890825,0.7460168198469443
GBS,0.7540016849199663,0.18529143123280317,0.8067311206714878
