Model,C-index,IBS,Mean AUC
RSF,0.7843302443133952,0.18387770159087236,0.758251517763765
GBS,0.7540016849199663,0.20039814161463917,0.8087059776560385
